Date__(UT)__HR:MN, , ,R.A._(ICRF),DEC_(ICRF),delta,deldot,
 2021-Nov-16 00:00, , ,    51.15505,   18.65604,  0.98898244611389, -0.3849396,
 2021-Nov-17 00:00, , ,    52.18625,   18.90451,  0.98876230671377, -0.3773309,
 2021-Nov-18 00:00, , ,    53.22090,   19.14737,  0.98854664486424, -0.3694469,
 2021-Nov-19 00:00, , ,    54.25898,   19.38451,  0.98833559777273, -0.3613628,
 2021-Nov-20 00:00, , ,    55.30049,   19.61584,  0.98812925974375, -0.3531519,
 2021-Nov-21 00:00, , ,    56.34541,   19.84126,  0.98792768352536, -0.3448846,
 2021-Nov-22 00:00, , ,    57.39370,   20.06068,  0.98773088219019, -0.3366277,
 2021-Nov-23 00:00, , ,    58.44535,   20.27399,  0.98753883132121, -0.3284444,
 2021-Nov-24 00:00, , ,    59.50031,   20.48111,  0.98735147112873, -0.3203941,
 2021-Nov-25 00:00, , ,    60.55854,   20.68193,  0.98716870810205, -0.3125343,
 2021-Nov-26 00:00, , ,    61.62000,   20.87638,  0.98699041594369, -0.3049213,
 2021-Nov-27 00:00, , ,    62.68464,   21.06434,  0.98681643586754, -0.2976112,
 2021-Nov-28 00:00, , ,    63.75238,   21.24575,  0.98664657687481, -0.2906593,
 2021-Nov-29 00:00, , ,    64.82318,   21.42050,  0.98648061734392, -0.2841153,
 2021-Nov-30 00:00, , ,    65.89694,   21.58850,  0.98631831008547, -0.2780162,
 2021-Dec-01 00:00, , ,    66.97359,   21.74968,  0.98615939361030, -0.2723720,
 2021-Dec-02 00:00, , ,    68.05303,   21.90395,  0.98600361207889, -0.2671503,
 2021-Dec-03 00:00, , ,    69.13516,   22.05122,  0.98585074437275, -0.2622617,
 2021-Dec-04 00:00, , ,    70.21986,   22.19141,  0.98570063860576, -0.2575565,
 2021-Dec-05 00:00, , ,    71.30701,   22.32444,  0.98555324357315, -0.2528398,
 2021-Dec-06 00:00, , ,    72.39648,   22.45025,  0.98540862652324, -0.2479027,
 2021-Dec-07 00:00, , ,    73.48814,   22.56875,  0.98526697021567, -0.2425599,
 2021-Dec-08 00:00, , ,    74.58186,   22.67989,  0.98512855037521, -0.2366780,
 2021-Dec-09 00:00, , ,    75.67752,   22.78359,  0.98499370205744, -0.2301850,
 2021-Dec-10 00:00, , ,    76.77498,   22.87981,  0.98486278551002, -0.2230635,
 2021-Dec-11 00:00, , ,    77.87412,   22.96850,  0.98473615894584, -0.2153351,
 2021-Dec-12 00:00, , ,    78.97482,   23.04961,  0.98461416071175, -0.2070447,
 2021-Dec-13 00:00, , ,    80.07696,   23.12309,  0.98449709967706, -0.1982478,
 2021-Dec-14 00:00, , ,    81.18040,   23.18891,  0.98438525115367, -0.1890043,
 2021-Dec-15 00:00, , ,    82.28504,   23.24703,  0.98427885570247, -0.1793744,
 2021-Dec-16 00:00, , ,    83.39073,   23.29743,  0.98417811890667, -0.1694190,
 2021-Dec-17 00:00, , ,    84.49737,   23.34008,  0.98408321102209, -0.1591999,
 2021-Dec-18 00:00, , ,    85.60482,   23.37495,  0.98399426609560, -0.1487807,
 2021-Dec-19 00:00, , ,    86.71297,   23.40203,  0.98391138060546, -0.1382279,
 2021-Dec-20 00:00, , ,    87.82167,   23.42130,  0.98383461192282, -0.1276104,
 2021-Dec-21 00:00, , ,    88.93082,   23.43275,  0.98376397694271, -0.1169994,
 2021-Dec-22 00:00, , ,    90.04027,   23.43636,  0.98369945113005, -0.1064670,
 2021-Dec-23 00:00, , ,    91.14991,   23.43215,  0.98364096804165, -0.0960861,
 2021-Dec-24 00:00, , ,    92.25960,   23.42010,  0.98358841921600, -0.0859293,
 2021-Dec-25 00:00, , ,    93.36922,   23.40021,  0.98354165427360, -0.0760690,
 2021-Dec-26 00:00, , ,    94.47862,   23.37250,  0.98350048123054, -0.0665768,
 2021-Dec-27 00:00, , ,    95.58769,   23.33697,  0.98346466745157, -0.0575214,
 2021-Dec-28 00:00, , ,    96.69627,   23.29364,  0.98343394234936, -0.0489645,
 2021-Dec-29 00:00, , ,    97.80425,   23.24252,  0.98340800374609, -0.0409520,
 2021-Dec-30 00:00, , ,    98.91146,   23.18364,  0.98338653039674, -0.0335014,
 2021-Dec-31 00:00, , ,   100.01777,   23.11701,  0.98336920286075, -0.0265865,
 2022-Jan-01 00:00, , ,   101.12303,   23.04267,  0.98335573289426, -0.0201241,
 2022-Jan-02 00:00, , ,   102.22708,   22.96065,  0.98334589761073, -0.0139718,
 2022-Jan-03 00:00, , ,   103.32978,   22.87099,  0.98333957027774, -0.0079429,
 2022-Jan-04 00:00, , ,   104.43096,   22.77373,  0.98333673794068, -0.0018361,
 2022-Jan-05 00:00, , ,   105.53048,   22.66893,  0.98333749960160,  0.0045296,
 2022-Jan-06 00:00, , ,   106.62819,   22.55663,  0.98334204615517,  0.0112884,
 2022-Jan-07 00:00, , ,   107.72397,   22.43689,  0.98335062990416,  0.0185186,
 2022-Jan-08 00:00, , ,   108.81769,   22.30978,  0.98336353329726,  0.0262482,
 2022-Jan-09 00:00, , ,   109.90923,   22.17536,  0.98338104373318,  0.0344688,
 2022-Jan-10 00:00, , ,   110.99848,   22.03370,  0.98340343688394,  0.0431504,
 2022-Jan-11 00:00, , ,   112.08535,   21.88487,  0.98343096764837,  0.0522527,
 2022-Jan-12 00:00, , ,   113.16975,   21.72894,  0.98346386635373,  0.0617317,
 2022-Jan-13 00:00, , ,   114.25157,   21.56600,  0.98350233771028,  0.0715429,
 2022-Jan-14 00:00, , ,   115.33075,   21.39611,  0.98354656055531,  0.0816410,
 2022-Jan-15 00:00, , ,   116.40721,   21.21937,  0.98359668710522,  0.0919787,
 2022-Jan-16 00:00, , ,   117.48088,   21.03584,  0.98365284105565,  0.1025043,
 2022-Jan-17 00:00, , ,   118.55170,   20.84563,  0.98371511438285,  0.1131593,
 2022-Jan-18 00:00, , ,   119.61961,   20.64882,  0.98378356310414,  0.1238774,
 2022-Jan-19 00:00, , ,   120.68456,   20.44549,  0.98385820254032,  0.1345841,
 2022-Jan-20 00:00, , ,   121.74651,   20.23574,  0.98393900275856,  0.1451975,
 2022-Jan-21 00:00, , ,   122.80541,   20.01965,  0.98402588484295,  0.1556302,
 2022-Jan-22 00:00, , ,   123.86122,   19.79733,  0.98411871847182,  0.1657921,
 2022-Jan-23 00:00, , ,   124.91391,   19.56886,  0.98421732107389,  0.1755928,
 2022-Jan-24 00:00, , ,   125.96345,   19.33434,  0.98432145873276,  0.1849455,
 2022-Jan-25 00:00, , ,   127.00982,   19.09387,  0.98443084913758,  0.1937702,
 2022-Jan-26 00:00, , ,   128.05298,   18.84754,  0.98454516727250,  0.2020001,
 2022-Jan-27 00:00, , ,   129.09290,   18.59547,  0.98466405506531,  0.2095892,
 2022-Jan-28 00:00, , ,   130.12956,   18.33775,  0.98478713652285,  0.2165233,
 2022-Jan-29 00:00, , ,   131.16293,   18.07448,  0.98491403941725,  0.2228315,
 2022-Jan-30 00:00, , ,   132.19298,   17.80578,  0.98504442285354,  0.2285939,
 2022-Jan-31 00:00, , ,   133.21968,   17.53176,  0.98517800714094,  0.2339412,
 2022-Feb-01 00:00, , ,   134.24300,   17.25253,  0.98531459955484,  0.2390406,
 2022-Feb-02 00:00, , ,   135.26292,   16.96821,  0.98545410891733,  0.2440719,
 2022-Feb-03 00:00, , ,   136.27942,   16.67892,  0.98559654478531,  0.2491998,
 2022-Feb-04 00:00, , ,   137.29248,   16.38477,  0.98574200231220,  0.2545535,
 2022-Feb-05 00:00, , ,   138.30211,   16.08590,  0.98589063845447,  0.2602175,
 2022-Feb-06 00:00, , ,   139.30829,   15.78241,  0.98604264665057,  0.2662348,
 2022-Feb-07 00:00, , ,   140.31106,   15.47442,  0.98619823541097,  0.2726165,
 2022-Feb-08 00:00, , ,   141.31041,   15.16206,  0.98635761324206,  0.2793534,
 2022-Feb-09 00:00, , ,   142.30638,   14.84544,  0.98652097975523,  0.2864251,
 2022-Feb-10 00:00, , ,   143.29901,   14.52468,  0.98668852140416,  0.2938072,
 2022-Feb-11 00:00, , ,   144.28831,   14.19990,  0.98686040989216,  0.3014735,
 2022-Feb-12 00:00, , ,   145.27435,   13.87122,  0.98703680145529,  0.3093962,
 2022-Feb-13 00:00, , ,   146.25716,   13.53874,  0.98721783560371,  0.3175448,
 2022-Feb-14 00:00, , ,   147.23679,   13.20259,  0.98740363232981,  0.3258817,
 2022-Feb-15 00:00, , ,   148.21330,   12.86288,  0.98759428724196,  0.3343593,
 2022-Feb-16 00:00, , ,   149.18674,   12.51971,  0.98778986458560,  0.3429162,
 2022-Feb-17 00:00, , ,   150.15720,   12.17321,  0.98799038867288,  0.3514753,
 2022-Feb-18 00:00, , ,   151.12472,   11.82348,  0.98819583478629,  0.3599442,
 2022-Feb-19 00:00, , ,   152.08938,   11.47062,  0.98840612100583,  0.3682180,
 2022-Feb-20 00:00, , ,   153.05125,   11.11476,  0.98862110247649,  0.3761846,
 2022-Feb-21 00:00, , ,   154.01041,   10.75599,  0.98884056932926,  0.3837322,
 2022-Feb-22 00:00, , ,   154.96693,   10.39442,  0.98906424891663,  0.3907567,
 2022-Feb-23 00:00, , ,   155.92089,   10.03016,  0.98929181248036,  0.3971690,
 2022-Feb-24 00:00, , ,   156.87234,    9.66332,  0.98952288606778,  0.4029028,
 2022-Feb-25 00:00, , ,   157.82136,    9.29400,  0.98975706548784,  0.4079209,
 2022-Feb-26 00:00, , ,   158.76802,    8.92232,  0.98999393511801,  0.4122218,
 2022-Feb-27 00:00, , ,   159.71238,    8.54839,  0.99023309005867,  0.4158448,
 2022-Feb-28 00:00, , ,   160.65450,    8.17232,  0.99047416021146,  0.4188709,
 2022-Mar-01 00:00, , ,   161.59443,    7.79423,  0.99071683349040,  0.4214186,
 2022-Mar-02 00:00, , ,   162.53224,    7.41424,  0.99096087427399,  0.4236317,
 2022-Mar-03 00:00, , ,   163.46797,    7.03246,  0.99120613333262,  0.4256624,
 2022-Mar-04 00:00, , ,   164.40169,    6.64902,  0.99145254727056,  0.4276530,
 2022-Mar-05 00:00, , ,   165.33346,    6.26402,  0.99170012837623,  0.4297214,
 2022-Mar-06 00:00, , ,   166.26335,    5.87758,  0.99194894826564,  0.4319546,
 2022-Mar-07 00:00, , ,   167.19142,    5.48983,  0.99219911967362,  0.4344087,
 2022-Mar-08 00:00, , ,   168.11775,    5.10087,  0.99245078006378,  0.4371143,
 2022-Mar-09 00:00, , ,   169.04241,    4.71081,  0.99270407913132,  0.4400843,
 2022-Mar-10 00:00, , ,   169.96548,    4.31977,  0.99295917065149,  0.4433212,
 2022-Mar-11 00:00, , ,   170.88704,    3.92785,  0.99321620799239,  0.4468218,
 2022-Mar-12 00:00, , ,   171.80719,    3.53516,  0.99347534203038,  0.4505809,
 2022-Mar-13 00:00, , ,   172.72599,    3.14181,  0.99373672001578,  0.4545910,
 2022-Mar-14 00:00, , ,   173.64355,    2.74789,  0.99400048394967,  0.4588408,
 2022-Mar-15 00:00, , ,   174.55996,    2.35352,  0.99426676715602,  0.4633108,
 2022-Mar-16 00:00, , ,   175.47531,    1.95879,  0.99453568798760,  0.4679677,
 2022-Mar-17 00:00, , ,   176.38969,    1.56380,  0.99480734009020,  0.4727582,
 2022-Mar-18 00:00, , ,   177.30320,    1.16864,  0.99508177946841,  0.4776047,
 2022-Mar-19 00:00, , ,   178.21595,    0.77342,  0.99535900971681,  0.4824035,
 2022-Mar-20 00:00, , ,   179.12804,    0.37822,  0.99563896792464,  0.4870290,
 2022-Mar-21 00:00, , ,   180.03956,   -0.01686,  0.99592151441623,  0.4913431,
 2022-Mar-22 00:00, , ,   180.95062,   -0.41173,  0.99620642916659,  0.4952080,
 2022-Mar-23 00:00, , ,   181.86131,   -0.80630,  0.99649341636375,  0.4985013,
 2022-Mar-24 00:00, , ,   182.77174,   -1.20048,  0.99678211671586,  0.5011274,
 2022-Mar-25 00:00, , ,   183.68199,   -1.59417,  0.99707212556671,  0.5030256,
 2022-Mar-26 00:00, , ,   184.59214,   -1.98727,  0.99736301426028,  0.5041737,
 2022-Mar-27 00:00, , ,   185.50229,   -2.37968,  0.99765435243259,  0.5045879,
 2022-Mar-28 00:00, , ,   186.41251,   -2.77131,  0.99794572949597,  0.5043198,
 2022-Mar-29 00:00, , ,   187.32286,   -3.16206,  0.99823677399545,  0.5034523,
 2022-Mar-30 00:00, , ,   188.23343,   -3.55181,  0.99852716958383,  0.5020920,
 2022-Mar-31 00:00, , ,   189.14427,   -3.94047,  0.99881666629948,  0.5003605,
 2022-Apr-01 00:00, , ,   190.05546,   -4.32793,  0.99910508603154,  0.4983832,
 2022-Apr-02 00:00, , ,   190.96706,   -4.71408,  0.99939232176115,  0.4962792,
 2022-Apr-03 00:00, , ,   191.87913,   -5.09882,  0.99967833124905,  0.4941526,
 2022-Apr-04 00:00, , ,   192.79174,   -5.48205,  0.99996312687018,  0.4920880,
 2022-Apr-05 00:00, , ,   193.70496,   -5.86365,  1.00024676383577,  0.4901493,
 2022-Apr-06 00:00, , ,   194.61885,   -6.24354,  1.00052932892382,  0.4883825,
 2022-Apr-07 00:00, , ,   195.53349,   -6.62161,  1.00081093121377,  0.4868197,
 2022-Apr-08 00:00, , ,   196.44894,   -6.99776,  1.00109169550023,  0.4854839,
 2022-Apr-09 00:00, , ,   197.36527,   -7.37189,  1.00137175830637,  0.4843933,
 2022-Apr-10 00:00, , ,   198.28256,   -7.74391,  1.00165126584329,  0.4835635,
 2022-Apr-11 00:00, , ,   199.20088,   -8.11372,  1.00193037285522,  0.4830083,
 2022-Apr-12 00:00, , ,   200.12029,   -8.48123,  1.00220924098975,  0.4827373,
 2022-Apr-13 00:00, , ,   201.04088,   -8.84634,  1.00248803511644,  0.4827510,
 2022-Apr-14 00:00, , ,   201.96271,   -9.20897,  1.00276691597009,  0.4830331,
 2022-Apr-15 00:00, , ,   202.88587,   -9.56902,  1.00304602783470,  0.4835413,
 2022-Apr-16 00:00, , ,   203.81043,   -9.92641,  1.00332548100023,  0.4841990,
 2022-Apr-17 00:00, , ,   204.73647,  -10.28105,  1.00360533054808,  0.4848917,
 2022-Apr-18 00:00, , ,   205.66407,  -10.63286,  1.00388555527474,  0.4854714,
 2022-Apr-19 00:00, , ,   206.59332,  -10.98176,  1.00416604217225,  0.4857713,
 2022-Apr-20 00:00, , ,   207.52428,  -11.32765,  1.00444658153970,  0.4856272,
 2022-Apr-21 00:00, , ,   208.45703,  -11.67047,  1.00472687505465,  0.4848998,
 2022-Apr-22 00:00, , ,   209.39164,  -12.01011,  1.00500655516038,  0.4834905,
 2022-Apr-23 00:00, , ,   210.32816,  -12.34650,  1.00528521105560,  0.4813485,
 2022-Apr-24 00:00, , ,   211.26666,  -12.67954,  1.00556241583652,  0.4784679,
 2022-Apr-25 00:00, , ,   212.20718,  -13.00914,  1.00583775070572,  0.4748812,
 2022-Apr-26 00:00, , ,   213.14976,  -13.33521,  1.00611082430603,  0.4706495,
 2022-Apr-27 00:00, , ,   214.09444,  -13.65765,  1.00638128694116,  0.4658545,
 2022-Apr-28 00:00, , ,   215.04124,  -13.97637,  1.00664884024394,  0.4605912,
 2022-Apr-29 00:00, , ,   215.99020,  -14.29127,  1.00691324293453,  0.4549614,
 2022-Apr-30 00:00, , ,   216.94134,  -14.60225,  1.00717431310977,  0.4490680,
 2022-May-01 00:00, , ,   217.89468,  -14.90922,  1.00743192738020,  0.4430098,
 2022-May-02 00:00, , ,   218.85024,  -15.21208,  1.00768601726894,  0.4368775,
 2022-May-03 00:00, , ,   219.80802,  -15.51074,  1.00793656354870,  0.4307508,
 2022-May-04 00:00, , ,   220.76806,  -15.80510,  1.00818358945382,  0.4246970,
 2022-May-05 00:00, , ,   221.73035,  -16.09508,  1.00842715380837,  0.4187722,
 2022-May-06 00:00, , ,   222.69492,  -16.38059,  1.00866734499603,  0.4130231,
 2022-May-07 00:00, , ,   223.66177,  -16.66153,  1.00890427639399,  0.4074901,
 2022-May-08 00:00, , ,   224.63090,  -16.93782,  1.00913808347903,  0.4022098,
 2022-May-09 00:00, , ,   225.60233,  -17.20937,  1.00936892235373,  0.3972172,
 2022-May-10 00:00, , ,   226.57607,  -17.47610,  1.00959696895624,  0.3925458,
 2022-May-11 00:00, , ,   227.55211,  -17.73793,  1.00982241770322,  0.3882254,
 2022-May-12 00:00, , ,   228.53047,  -17.99478,  1.01004547779902,  0.3842762,
 2022-May-13 00:00, , ,   229.51114,  -18.24657,  1.01026636507386,  0.3806990,
 2022-May-14 00:00, , ,   230.49414,  -18.49323,  1.01048528734638,  0.3774631,
 2022-May-15 00:00, , ,   231.47946,  -18.73467,  1.01070242247720,  0.3744937,
 2022-May-16 00:00, , ,   232.46713,  -18.97084,  1.01091789086309,  0.3716664,
 2022-May-17 00:00, , ,   233.45714,  -19.20167,  1.01113172764316,  0.3688127,
 2022-May-18 00:00, , ,   234.44950,  -19.42708,  1.01134386253520,  0.3657405,
 2022-May-19 00:00, , ,   235.44421,  -19.64700,  1.01155411460264,  0.3622639,
 2022-May-20 00:00, , ,   236.44128,  -19.86138,  1.01176220460496,  0.3582324,
 2022-May-21 00:00, , ,   237.44068,  -20.07014,  1.01196778124948,  0.3535489,
 2022-May-22 00:00, , ,   238.44241,  -20.27321,  1.01217045349688,  0.3481723,
 2022-May-23 00:00, , ,   239.44642,  -20.47053,  1.01236982109337,  0.3421096,
 2022-May-24 00:00, , ,   240.45268,  -20.66202,  1.01256549857450,  0.3354029,
 2022-May-25 00:00, , ,   241.46115,  -20.84762,  1.01275713156512,  0.3281158,
 2022-May-26 00:00, , ,   242.47178,  -21.02726,  1.01294440654176,  0.3203248,
 2022-May-27 00:00, , ,   243.48451,  -21.20087,  1.01312705601737,  0.3121121,
 2022-May-28 00:00, , ,   244.49928,  -21.36838,  1.01330486087812,  0.3035624,
 2022-May-29 00:00, , ,   245.51602,  -21.52973,  1.01347765098666,  0.2947604,
 2022-May-30 00:00, , ,   246.53466,  -21.68487,  1.01364530459689,  0.2857887,
 2022-May-31 00:00, , ,   247.55513,  -21.83372,  1.01380774678931,  0.2767265,
 2022-Jun-01 00:00, , ,   248.57734,  -21.97624,  1.01396494705222,  0.2676482,
 2022-Jun-02 00:00, , ,   249.60123,  -22.11237,  1.01411691622529,  0.2586226,
 2022-Jun-03 00:00, , ,   250.62671,  -22.24206,  1.01426370317152,  0.2497126,
 2022-Jun-04 00:00, , ,   251.65370,  -22.36526,  1.01440539164357,  0.2409763,
 2022-Jun-05 00:00, , ,   252.68210,  -22.48192,  1.01454209778967,  0.2324681,
 2022-Jun-06 00:00, , ,   253.71184,  -22.59201,  1.01467396857407,  0.2242405,
 2022-Jun-07 00:00, , ,   254.74283,  -22.69548,  1.01480118106120,  0.2163454,
 2022-Jun-08 00:00, , ,   255.77498,  -22.79230,  1.01492394203190,  0.2088336,
 2022-Jun-09 00:00, , ,   256.80820,  -22.88244,  1.01504248676828,  0.2017522,
 2022-Jun-10 00:00, , ,   257.84241,  -22.96586,  1.01515707511697,  0.1951376,
 2022-Jun-11 00:00, , ,   258.87752,  -23.04253,  1.01526798233288,  0.1890045,
 2022-Jun-12 00:00, , ,   259.91346,  -23.11244,  1.01537548221352,  0.1833307,
 2022-Jun-13 00:00, , ,   260.95015,  -23.17557,  1.01547982141012,  0.1780422,
 2022-Jun-14 00:00, , ,   261.98751,  -23.23189,  1.01558118708527,  0.1730068,
 2022-Jun-15 00:00, , ,   263.02547,  -23.28139,  1.01567967459446,  0.1680418,
 2022-Jun-16 00:00, , ,   264.06396,  -23.32406,  1.01577526502334,  0.1629397,
 2022-Jun-17 00:00, , ,   265.10292,  -23.35988,  1.01586782102784,  0.1575039,
 2022-Jun-18 00:00, , ,   266.14227,  -23.38885,  1.01595710295512,  0.1515810,
 2022-Jun-19 00:00, , ,   267.18192,  -23.41096,  1.01604279940921,  0.1450772,
 2022-Jun-20 00:00, , ,   268.22179,  -23.42619,  1.01612456228674,  0.1379579,
 2022-Jun-21 00:00, , ,   269.26179,  -23.43455,  1.01620203757045,  0.1302346,
 2022-Jun-22 00:00, , ,   270.30181,  -23.43602,  1.01627488752784,  0.1219495,
 2022-Jun-23 00:00, , ,   271.34175,  -23.43061,  1.01634280413034,  0.1131615,
 2022-Jun-24 00:00, , ,   272.38151,  -23.41832,  1.01640551580273,  0.1039366,
 2022-Jun-25 00:00, , ,   273.42098,  -23.39915,  1.01646279011472,  0.0943439,
 2022-Jun-26 00:00, , ,   274.46005,  -23.37311,  1.01651443452929,  0.0844523,
 2022-Jun-27 00:00, , ,   275.49861,  -23.34022,  1.01656029652684,  0.0743314,
 2022-Jun-28 00:00, , ,   276.53655,  -23.30048,  1.01660026371071,  0.0640507,
 2022-Jun-29 00:00, , ,   277.57376,  -23.25391,  1.01663426401212,  0.0536803,
 2022-Jun-30 00:00, , ,   278.61014,  -23.20053,  1.01666226586559,  0.0432903,
 2022-Jul-01 00:00, , ,   279.64556,  -23.14038,  1.01668427818504,  0.0329507,
 2022-Jul-02 00:00, , ,   280.67994,  -23.07346,  1.01670035006813,  0.0227305,
 2022-Jul-03 00:00, , ,   281.71316,  -22.99981,  1.01671057030799,  0.0126982,
 2022-Jul-04 00:00, , ,   282.74512,  -22.91947,  1.01671506690378,  0.0029213,
 2022-Jul-05 00:00, , ,   283.77573,  -22.83247,  1.01671400675184, -0.0065331,
 2022-Jul-06 00:00, , ,   284.80490,  -22.73885,  1.01670759550013, -0.0155980,
 2022-Jul-07 00:00, , ,   285.83253,  -22.63865,  1.01669607712174, -0.0242080,
 2022-Jul-08 00:00, , ,   286.85854,  -22.53192,  1.01667973210454, -0.0323030,
 2022-Jul-09 00:00, , ,   287.88285,  -22.41870,  1.01665887235669, -0.0398360,
 2022-Jul-10 00:00, , ,   288.90540,  -22.29903,  1.01663383027856, -0.0467854,
 2022-Jul-11 00:00, , ,   289.92611,  -22.17298,  1.01660493955513, -0.0531711,
 2022-Jul-12 00:00, , ,   290.94495,  -22.04058,  1.01657250689917, -0.0590686,
 2022-Jul-13 00:00, , ,   291.96185,  -21.90190,  1.01653677765818, -0.0646145,
 2022-Jul-14 00:00, , ,   292.97679,  -21.75698,  1.01649790283374, -0.0699954,
 2022-Jul-15 00:00, , ,   293.98973,  -21.60589,  1.01645591768254, -0.0754199,
 2022-Jul-16 00:00, , ,   295.00063,  -21.44866,  1.01641073963924, -0.0810814,
 2022-Jul-17 00:00, , ,   296.00946,  -21.28536,  1.01636218611798, -0.0871289,
 2022-Jul-18 00:00, , ,   297.01619,  -21.11605,  1.01631000523700, -0.0936528,
 2022-Jul-19 00:00, , ,   298.02078,  -20.94078,  1.01625390938072, -0.1006880,
 2022-Jul-20 00:00, , ,   299.02319,  -20.75961,  1.01619360358419, -0.1082276,
 2022-Jul-21 00:00, , ,   300.02338,  -20.57260,  1.01612880522248, -0.1162383,
 2022-Jul-22 00:00, , ,   301.02132,  -20.37982,  1.01605925534157, -0.1246732,
 2022-Jul-23 00:00, , ,   302.01695,  -20.18134,  1.01598472391302, -0.1334801,
 2022-Jul-24 00:00, , ,   303.01025,  -19.97722,  1.01590501162267, -0.1426051,
 2022-Jul-25 00:00, , ,   304.00117,  -19.76753,  1.01581995029704, -0.1519942,
 2022-Jul-26 00:00, , ,   304.98968,  -19.55235,  1.01572940333117, -0.1615920,
 2022-Jul-27 00:00, , ,   305.97574,  -19.33176,  1.01563326680423, -0.1713404,
 2022-Jul-28 00:00, , ,   306.95934,  -19.10581,  1.01553147144712, -0.1811773,
 2022-Jul-29 00:00, , ,   307.94043,  -18.87460,  1.01542398527171, -0.1910356,
 2022-Jul-30 00:00, , ,   308.91899,  -18.63821,  1.01531081647871, -0.2008432,
 2022-Jul-31 00:00, , ,   309.89501,  -18.39671,  1.01519201622108, -0.2105238,
 2022-Aug-01 00:00, , ,   310.86846,  -18.15019,  1.01506768088262, -0.2199972,
 2022-Aug-02 00:00, , ,   311.83933,  -17.89873,  1.01493795367279, -0.2291815,
 2022-Aug-03 00:00, , ,   312.80761,  -17.64242,  1.01480302544011, -0.2379941,
 2022-Aug-04 00:00, , ,   313.77329,  -17.38134,  1.01466313455688, -0.2463534,
 2022-Aug-05 00:00, , ,   314.73638,  -17.11558,  1.01451856544022, -0.2541821,
 2022-Aug-06 00:00, , ,   315.69687,  -16.84522,  1.01436964473772, -0.2614124,
 2022-Aug-07 00:00, , ,   316.65480,  -16.57036,  1.01421673354802, -0.2679946,
 2022-Aug-08 00:00, , ,   317.61017,  -16.29108,  1.01406021361849, -0.2739092,
 2022-Aug-09 00:00, , ,   318.56301,  -16.00746,  1.01390046586583, -0.2791807,
 2022-Aug-10 00:00, , ,   319.51336,  -15.71959,  1.01373784144165, -0.2838889,
 2022-Aug-11 00:00, , ,   320.46127,  -15.42755,  1.01357262896791, -0.2881698,
 2022-Aug-12 00:00, , ,   321.40678,  -15.13142,  1.01340502518159, -0.2922019,
 2022-Aug-13 00:00, , ,   322.34996,  -14.83128,  1.01323511749313, -0.2961800,
 2022-Aug-14 00:00, , ,   323.29084,  -14.52720,  1.01306288395653, -0.3002832,
 2022-Aug-15 00:00, , ,   324.22949,  -14.21927,  1.01288820991835, -0.3046503,
 2022-Aug-16 00:00, , ,   325.16597,  -13.90756,  1.01271091491416, -0.3093699,
 2022-Aug-17 00:00, , ,   326.10031,  -13.59216,  1.01253078145211, -0.3144831,
 2022-Aug-18 00:00, , ,   327.03257,  -13.27315,  1.01234757928914, -0.3199951,
 2022-Aug-19 00:00, , ,   327.96280,  -12.95061,  1.01216108241947, -0.3258881,
 2022-Aug-20 00:00, , ,   328.89103,  -12.62462,  1.01197107903231, -0.3321322,
 2022-Aug-21 00:00, , ,   329.81733,  -12.29528,  1.01177737628667, -0.3386926,
 2022-Aug-22 00:00, , ,   330.74173,  -11.96268,  1.01157980211440, -0.3455324,
 2022-Aug-23 00:00, , ,   331.66428,  -11.62689,  1.01137820596487, -0.3526138,
 2022-Aug-24 00:00, , ,   332.58502,  -11.28801,  1.01117245988273, -0.3598961,
 2022-Aug-25 00:00, , ,   333.50401,  -10.94613,  1.01096246077429, -0.3673334,
 2022-Aug-26 00:00, , ,   334.42129,  -10.60135,  1.01074813422582, -0.3748719,
 2022-Aug-27 00:00, , ,   335.33691,  -10.25375,  1.01052943978569, -0.3824474,
 2022-Aug-28 00:00, , ,   336.25091,   -9.90343,  1.01030637722383, -0.3899848,
 2022-Aug-29 00:00, , ,   337.16336,   -9.55049,  1.01007899297859, -0.3973978,
 2022-Aug-30 00:00, , ,   338.07429,   -9.19502,  1.00984738585835, -0.4045918,
 2022-Aug-31 00:00, , ,   338.98376,   -8.83711,  1.00961171111481, -0.4114667,
 2022-Sep-01 00:00, , ,   339.89183,   -8.47687,  1.00937218220420, -0.4179218,
 2022-Sep-02 00:00, , ,   340.79855,   -8.11439,  1.00912906977359, -0.4238607,
 2022-Sep-03 00:00, , ,   341.70399,   -7.74976,  1.00888269749584, -0.4291972,
 2022-Sep-04 00:00, , ,   342.60821,   -7.38308,  1.00863343424777, -0.4338622,
 2022-Sep-05 00:00, , ,   343.51129,   -7.01444,  1.00838168187575, -0.4378122,
 2022-Sep-06 00:00, , ,   344.41330,   -6.64394,  1.00812785773482, -0.4410386,
 2022-Sep-07 00:00, , ,   345.31432,   -6.27166,  1.00787237177248, -0.4435768,
 2022-Sep-08 00:00, , ,   346.21444,   -5.89770,  1.00761559947647, -0.4455111,
 2022-Sep-09 00:00, , ,   347.11376,   -5.52213,  1.00735785427478, -0.4469706,
 2022-Sep-10 00:00, , ,   348.01238,   -5.14503,  1.00709936487659, -0.4481165,
 2022-Sep-11 00:00, , ,   348.91038,   -4.76650,  1.00684026306436, -0.4491194,
 2022-Sep-12 00:00, , ,   349.80786,   -4.38660,  1.00658058485846, -0.4501365,
 2022-Sep-13 00:00, , ,   350.70493,   -4.00543,  1.00632028381414, -0.4512941,
 2022-Sep-14 00:00, , ,   351.60168,   -3.62306,  1.00605925173158, -0.4526793,
 2022-Sep-15 00:00, , ,   352.49820,   -3.23959,  1.00579734096119, -0.4543425,
 2022-Sep-16 00:00, , ,   353.39457,   -2.85509,  1.00553438374157, -0.4563046,
 2022-Sep-17 00:00, , ,   354.29089,   -2.46966,  1.00527020633594, -0.4585670,
 2022-Sep-18 00:00, , ,   355.18724,   -2.08339,  1.00500463783417, -0.4611196,
 2022-Sep-19 00:00, , ,   356.08369,   -1.69636,  1.00473751476285, -0.4639475,
 2022-Sep-20 00:00, , ,   356.98035,   -1.30867,  1.00446868313707, -0.4670332,
 2022-Sep-21 00:00, , ,   357.87727,   -0.92042,  1.00419799959297, -0.4703571,
 2022-Sep-22 00:00, , ,   358.77455,   -0.53169,  1.00392533302517, -0.4738958,
 2022-Sep-23 00:00, , ,   359.67225,   -0.14259,  1.00365056785013, -0.4776183,
 2022-Sep-24 00:00, , ,     0.57047,    0.24678,  1.00337360963185, -0.4814817,
 2022-Sep-25 00:00, , ,     1.46926,    0.63633,  1.00309439329330, -0.4854265,
 2022-Sep-26 00:00, , ,     2.36870,    1.02596,  1.00281289346633, -0.4893744,
 2022-Sep-27 00:00, , ,     3.26886,    1.41555,  1.00252913577461, -0.4932275,
 2022-Sep-28 00:00, , ,     4.16982,    1.80501,  1.00224320720182, -0.4968720,
 2022-Sep-29 00:00, , ,     5.07164,    2.19424,  1.00195526344346, -0.5001851,
 2022-Sep-30 00:00, , ,     5.97440,    2.58312,  1.00166553145869, -0.5030446,
 2022-Oct-01 00:00, , ,     6.87816,    2.97155,  1.00137430625463, -0.5053388,
 2022-Oct-02 00:00, , ,     7.78301,    3.35943,  1.00108194190929, -0.5069762,
 2022-Oct-03 00:00, , ,     8.68901,    3.74665,  1.00078883757153, -0.5078934,
 2022-Oct-04 00:00, , ,     9.59626,    4.13312,  1.00049541948021, -0.5080609,
 2022-Oct-05 00:00, , ,    10.50484,    4.51874,  1.00020212007615, -0.5074872,
 2022-Oct-06 00:00, , ,    11.41483,    4.90340,  0.99990935539910, -0.5062205,
 2022-Oct-07 00:00, , ,    12.32634,    5.28702,  0.99961750243537, -0.5043473,
 2022-Oct-08 00:00, , ,    13.23945,    5.66949,  0.99932687881416, -0.5019851,
 2022-Oct-09 00:00, , ,    14.15427,    6.05073,  0.99903772773407, -0.4992719,
 2022-Oct-10 00:00, , ,    15.07089,    6.43065,  0.99875021061978, -0.4963503,
 2022-Oct-11 00:00, , ,    15.98941,    6.80914,  0.99846440854105, -0.4933536,
 2022-Oct-12 00:00, , ,    16.90992,    7.18612,  0.99818033135646, -0.4903937,
 2022-Oct-13 00:00, , ,    17.83252,    7.56148,  0.99789793181201, -0.4875560,
 2022-Oct-14 00:00, , ,    18.75729,    7.93514,  0.99761712116631, -0.4848992,
 2022-Oct-15 00:00, , ,    19.68433,    8.30699,  0.99733778341392, -0.4824601,
 2022-Oct-16 00:00, , ,    20.61370,    8.67693,  0.99705978635560, -0.4802590,
 2022-Oct-17 00:00, , ,    21.54550,    9.04486,  0.99678298901732, -0.4783068,
 2022-Oct-18 00:00, , ,    22.47979,    9.41067,  0.99650724587239, -0.4766091,
 2022-Oct-19 00:00, , ,    23.41665,    9.77426,  0.99623240889038, -0.4751692,
 2022-Oct-20 00:00, , ,    24.35615,   10.13551,  0.99595832871879, -0.4739883,
 2022-Oct-21 00:00, , ,    25.29836,   10.49432,  0.99568485642212, -0.4730631,
 2022-Oct-22 00:00, , ,    26.24332,   10.85058,  0.99541184721347, -0.4723816,
 2022-Oct-23 00:00, , ,    27.19111,   11.20417,  0.99513916746116, -0.4719159,
 2022-Oct-24 00:00, , ,    28.14177,   11.55498,  0.99486670578317, -0.4716157,
 2022-Oct-25 00:00, , ,    29.09535,   11.90289,  0.99459438808976, -0.4714015,
 2022-Oct-26 00:00, , ,    30.05190,   12.24778,  0.99432219499543, -0.4711635,
 2022-Oct-27 00:00, , ,    31.01145,   12.58953,  0.99405017845963, -0.4707659,
 2022-Oct-28 00:00, , ,    31.97405,   12.92803,  0.99377847358295, -0.4700590,
 2022-Oct-29 00:00, , ,    32.93972,   13.26315,  0.99350730195042, -0.4688960,
 2022-Oct-30 00:00, , ,    33.90850,   13.59478,  0.99323696490248, -0.4671503,
 2022-Oct-31 00:00, , ,    34.88042,   13.92279,  0.99296782779294, -0.4647285,
 2022-Nov-01 00:00, , ,    35.85552,   14.24708,  0.99270029834879, -0.4615778,
 2022-Nov-02 00:00, , ,    36.83385,   14.56753,  0.99243480284437, -0.4576865,
 2022-Nov-03 00:00, , ,    37.81543,   14.88402,  0.99217176309676, -0.4530810,
 2022-Nov-04 00:00, , ,    38.80030,   15.19646,  0.99191157608624, -0.4478199,
 2022-Nov-05 00:00, , ,    39.78852,   15.50473,  0.99165459706863, -0.4419879,
 2022-Nov-06 00:00, , ,    40.78012,   15.80872,  0.99140112665335, -0.4356883,
 2022-Nov-07 00:00, , ,    41.77514,   16.10833,  0.99115140228709, -0.4290351,
 2022-Nov-08 00:00, , ,    42.77362,   16.40346,  0.99090559453071, -0.4221446,
 2022-Nov-09 00:00, , ,    43.77559,   16.69401,  0.99066380817596, -0.4151269,
 2022-Nov-10 00:00, , ,    44.78109,   16.97985,  0.99042608762167, -0.4080801,
 2022-Nov-11 00:00, , ,    45.79013,   17.26090,  0.99019242526054, -0.4010860,
 2022-Nov-12 00:00, , ,    46.80274,   17.53704,  0.98996277121848, -0.3942091,
 2022-Nov-13 00:00, , ,    47.81894,   17.80816,  0.98973704280235, -0.3874990,
 2022-Nov-14 00:00, , ,    48.83872,   18.07417,  0.98951513240253, -0.3809932,
 2022-Nov-15 00:00, , ,    49.86211,   18.33495,  0.98929691318787, -0.3747213,
 2022-Nov-16 00:00, , ,    50.88908,   18.59039,  0.98908224254084, -0.3687089,
 2022-Nov-17 00:00, , ,    51.91963,   18.84039,  0.98887096371461, -0.3629796,
 2022-Nov-18 00:00, , ,    52.95375,   19.08483,  0.98866290664487, -0.3575558,
 2022-Nov-19 00:00, , ,    53.99141,   19.32362,  0.98845788925358, -0.3524561,
 2022-Nov-20 00:00, , ,    55.03258,   19.55665,  0.98825572094171, -0.3476901,
 2022-Nov-21 00:00, , ,    56.07722,   19.78380,  0.98805621016644, -0.3432499,
 2022-Nov-22 00:00, , ,    57.12529,   20.00497,  0.98785917774636, -0.3390988,
 2022-Nov-23 00:00, , ,    58.17673,   20.22006,  0.98766447642031, -0.3351614,
 2022-Nov-24 00:00, , ,    59.23148,   20.42895,  0.98747201495889, -0.3313190,
 2022-Nov-25 00:00, , ,    60.28947,   20.63155,  0.98728178223927, -0.3274149,
 2022-Nov-26 00:00, , ,    61.35061,   20.82776,  0.98709386460960, -0.3232722,
 2022-Nov-27 00:00, , ,    62.41482,   21.01747,  0.98690845042787, -0.3187190,
 2022-Nov-28 00:00, , ,    63.48202,   21.20060,  0.98672581941983, -0.3136144,
 2022-Nov-29 00:00, , ,    64.55213,   21.37704,  0.98654631965738, -0.3078645,
 2022-Nov-30 00:00, , ,    65.62505,   21.54672,  0.98637033850939, -0.3014268,
 2022-Dec-01 00:00, , ,    66.70071,   21.70956,  0.98619827417878, -0.2943048,
 2022-Dec-02 00:00, , ,    67.77902,   21.86546,  0.98603051214079, -0.2865372,
 2022-Dec-03 00:00, , ,    68.85990,   22.01437,  0.98586740790301, -0.2781873,
 2022-Dec-04 00:00, , ,    69.94326,   22.15620,  0.98570927550056, -0.2693343,
 2022-Dec-05 00:00, , ,    71.02902,   22.29090,  0.98555638038910, -0.2600663,
 2022-Dec-06 00:00, , ,    72.11710,   22.41839,  0.98540893552933, -0.2504762,
 2022-Dec-07 00:00, , ,    73.20739,   22.53861,  0.98526709991811, -0.2406574,
 2022-Dec-08 00:00, , ,    74.29981,   22.65151,  0.98513097920812, -0.2307007,
 2022-Dec-09 00:00, , ,    75.39426,   22.75703,  0.98500062819364, -0.2206911,
 2022-Dec-10 00:00, , ,    76.49065,   22.85510,  0.98487605483578, -0.2107053,
 2022-Dec-11 00:00, , ,    77.58886,   22.94569,  0.98475722528535, -0.2008113,
 2022-Dec-12 00:00, , ,    78.68878,   23.02874,  0.98464406918525, -0.1910678,
 2022-Dec-13 00:00, , ,    79.79031,   23.10421,  0.98453648450218, -0.1815260,
 2022-Dec-14 00:00, , ,    80.89332,   23.17205,  0.98443434128039, -0.1722318,
 2022-Dec-15 00:00, , ,    81.99769,   23.23222,  0.98433748400052, -0.1632283,
 2022-Dec-16 00:00, , ,    83.10330,   23.28470,  0.98424573262554, -0.1545575,
 2022-Dec-17 00:00, , ,    84.21002,   23.32944,  0.98415888290468, -0.1462612,
 2022-Dec-18 00:00, , ,    85.31770,   23.36641,  0.98407670708754, -0.1383783,
 2022-Dec-19 00:00, , ,    86.42622,   23.39560,  0.98399895685059, -0.1309398,
 2022-Dec-20 00:00, , ,    87.53542,   23.41697,  0.98392537080352, -0.1239579,
 2022-Dec-21 00:00, , ,    88.64516,   23.43051,  0.98385568901527, -0.1174129,
 2022-Dec-22 00:00, , ,    89.75527,   23.43620,  0.98378967590285, -0.1112381,
 2022-Dec-23 00:00, , ,    90.86560,   23.43405,  0.98372714997570, -0.1053123,
 2022-Dec-24 00:00, , ,    91.97597,   23.42403,  0.98366801472417, -0.0994648,
 2022-Dec-25 00:00, , ,    93.08623,   23.40615,  0.98361228154838, -0.0934976,
 2022-Dec-26 00:00, , ,    94.19619,   23.38042,  0.98356007614079, -0.0872188,
 2022-Dec-27 00:00, , ,    95.30570,   23.34686,  0.98351162527392, -0.0804748,
 2022-Dec-28 00:00, , ,    96.41460,   23.30547,  0.98346722853058, -0.0731687,
 2022-Dec-29 00:00, , ,    97.52274,   23.25628,  0.98342722424136, -0.0652621,
 2022-Dec-30 00:00, , ,    98.62998,   23.19931,  0.98339195842974, -0.0567645,
 2022-Dec-31 00:00, , ,    99.73617,   23.13460,  0.98336176163295, -0.0477175,
 2023-Jan-01 00:00, , ,   100.84119,   23.06218,  0.98333693428813, -0.0381816,
 2023-Jan-02 00:00, , ,   101.94492,   22.98210,  0.98331773888213, -0.0282266,
 2023-Jan-03 00:00, , ,   103.04724,   22.89438,  0.98330439639259, -0.0179259,
 2023-Jan-04 00:00, , ,   104.14802,   22.79908,  0.98329708496928, -0.0073540,
 2023-Jan-05 00:00, , ,   105.24716,   22.69624,  0.98329593958766,  0.0034142,
 2023-Jan-06 00:00, , ,   106.34456,   22.58592,  0.98330105211813,  0.0143043,
 2023-Jan-07 00:00, , ,   107.44010,   22.46817,  0.98331247171987,  0.0252429,
 2023-Jan-08 00:00, , ,   108.53370,   22.34304,  0.98333020566134,  0.0361586,
 2023-Jan-09 00:00, , ,   109.62525,   22.21060,  0.98335422064160,  0.0469824,
 2023-Jan-10 00:00, , ,   110.71466,   22.07091,  0.98338444452863,  0.0576488,
 2023-Jan-11 00:00, , ,   111.80184,   21.92402,  0.98342076825060,  0.0680954,
 2023-Jan-12 00:00, , ,   112.88671,   21.77002,  0.98346304746900,  0.0782624,
 2023-Jan-13 00:00, , ,   113.96917,   21.60897,  0.98351110369868,  0.0880910,
 2023-Jan-14 00:00, , ,   115.04915,   21.44094,  0.98356472475746,  0.0975232,
 2023-Jan-15 00:00, , ,   116.12657,   21.26601,  0.98362366484761,  0.1065008,
 2023-Jan-16 00:00, , ,   117.20134,   21.08426,  0.98368764520073,  0.1149684,
 2023-Jan-17 00:00, , ,   118.27340,   20.89576,  0.98375635701631,  0.1228788,
 2023-Jan-18 00:00, , ,   119.34266,   20.70061,  0.98382946920729,  0.1302042,
 2023-Jan-19 00:00, , ,   120.40905,   20.49889,  0.98390664375163,  0.1369513,
 2023-Jan-20 00:00, , ,   121.47249,   20.29068,  0.98398756041243,  0.1431774,
 2023-Jan-21 00:00, , ,   122.53291,   20.07610,  0.98407194946701,  0.1490007,
 2023-Jan-22 00:00, , ,   123.59022,   19.85523,  0.98415962625140,  0.1545952,
 2023-Jan-23 00:00, , ,   124.64436,   19.62817,  0.98425051731879,  0.1601666,
 2023-Jan-24 00:00, , ,   125.69525,   19.39504,  0.98434466854545,  0.1659159,
 2023-Jan-25 00:00, , ,   126.74283,   19.15595,  0.98444223189506,  0.1720048,
 2023-Jan-26 00:00, , ,   127.78706,   18.91099,  0.98454343614606,  0.1785360,
 2023-Jan-27 00:00, , ,   128.82789,   18.66029,  0.98464855195740,  0.1855530,
 2023-Jan-28 00:00, , ,   129.86529,   18.40394,  0.98475786076265,  0.1930524,
 2023-Jan-29 00:00, , ,   130.89924,   18.14207,  0.98487163242088,  0.2010002,
 2023-Jan-30 00:00, , ,   131.92973,   17.87479,  0.98499011199972,  0.2093464,
 2023-Jan-31 00:00, , ,   132.95675,   17.60220,  0.98511351349687,  0.2180347,
 2023-Feb-01 00:00, , ,   133.98031,   17.32442,  0.98524201768829,  0.2270070,
 2023-Feb-02 00:00, , ,   135.00041,   17.04156,  0.98537577176693,  0.2362050,
 2023-Feb-03 00:00, , ,   136.01706,   16.75373,  0.98551488925419,  0.2455702,
 2023-Feb-04 00:00, , ,   137.03029,   16.46103,  0.98565944943066,  0.2550423,
 2023-Feb-05 00:00, , ,   138.04010,   16.16359,  0.98580949610774,  0.2645587,
 2023-Feb-06 00:00, , ,   139.04654,   15.86151,  0.98596503592584,  0.2740534,
 2023-Feb-07 00:00, , ,   140.04963,   15.55490,  0.98612603653127,  0.2834573,
 2023-Feb-08 00:00, , ,   141.04940,   15.24387,  0.98629242497761,  0.2926990,
 2023-Feb-09 00:00, , ,   142.04590,   14.92853,  0.98646408656587,  0.3017055,
 2023-Feb-10 00:00, , ,   143.03916,   14.60899,  0.98664086415769,  0.3104030,
 2023-Feb-11 00:00, , ,   144.02922,   14.28536,  0.98682255786758,  0.3187173,
 2023-Feb-12 00:00, , ,   145.01613,   13.95776,  0.98700892506799,  0.3265747,
 2023-Feb-13 00:00, , ,   145.99993,   13.62628,  0.98719968090561,  0.3339030,
 2023-Feb-14 00:00, , ,   146.98067,   13.29105,  0.98739450006435,  0.3406351,
 2023-Feb-15 00:00, , ,   147.95839,   12.95217,  0.98759302126253,  0.3467150,
 2023-Feb-16 00:00, , ,   148.93314,   12.60976,  0.98779485670620,  0.3521090,
 2023-Feb-17 00:00, , ,   149.90496,   12.26393,  0.98799960892401,  0.3568199,
 2023-Feb-18 00:00, , ,   150.87389,   11.91480,  0.98820689630332,  0.3609020,
 2023-Feb-19 00:00, , ,   151.83996,   11.56248,  0.98841638563733,  0.3644690,
 2023-Feb-20 00:00, , ,   152.80321,   11.20711,  0.98862782562780,  0.3676884,
 2023-Feb-21 00:00, , ,   153.76369,   10.84880,  0.98884107198150,  0.3707582,
 2023-Feb-22 00:00, , ,   154.72141,   10.48768,  0.98905609562683,  0.3738734,
 2023-Feb-23 00:00, , ,   155.67644,   10.12387,  0.98927297143314,  0.3771947,
 2023-Feb-24 00:00, , ,   156.62882,    9.75749,  0.98949185230313,  0.3808302,
 2023-Feb-25 00:00, , ,   157.57861,    9.38866,  0.98971293783038,  0.3848344,
 2023-Feb-26 00:00, , ,   158.52586,    9.01751,  0.98993644596975,  0.3892186,
 2023-Feb-27 00:00, , ,   159.47065,    8.64414,  0.99016259228903,  0.3939657,
 2023-Feb-28 00:00, , ,   160.41304,    8.26867,  0.99039157740478,  0.3990429,
 2023-Mar-01 00:00, , ,   161.35312,    7.89122,  0.99062358083862,  0.4044111,
 2023-Mar-02 00:00, , ,   162.29096,    7.51188,  0.99085875880693,  0.4100292,
 2023-Mar-03 00:00, , ,   163.22665,    7.13078,  0.99109724371006,  0.4158558,
 2023-Mar-04 00:00, , ,   164.16027,    6.74802,  0.99133914369871,  0.4218480,
 2023-Mar-05 00:00, , ,   165.09191,    6.36370,  0.99158454133219,  0.4279597,
 2023-Mar-06 00:00, , ,   166.02165,    5.97793,  0.99183349089702,  0.4341388,
 2023-Mar-07 00:00, , ,   166.94959,    5.59082,  0.99208601441256,  0.4403253,
 2023-Mar-08 00:00, , ,   167.87583,    5.20245,  0.99234209671416,  0.4464504,
 2023-Mar-09 00:00, , ,   168.80044,    4.81294,  0.99260168025087,  0.4524362,
 2023-Mar-10 00:00, , ,   169.72354,    4.42239,  0.99286466032791,  0.4581976,
 2023-Mar-11 00:00, , ,   170.64521,    4.03088,  0.99313088145503,  0.4636444,
 2023-Mar-12 00:00, , ,   171.56556,    3.63853,  0.99340013527952,  0.4686843,
 2023-Mar-13 00:00, , ,   172.48466,    3.24543,  0.99367216040603,  0.4732264,
 2023-Mar-14 00:00, , ,   173.40263,    2.85167,  0.99394664437881,  0.4771856,
 2023-Mar-15 00:00, , ,   174.31954,    2.45736,  0.99422322832297,  0.4804873,
 2023-Mar-16 00:00, , ,   175.23549,    2.06259,  0.99450151517239,  0.4830752,
 2023-Mar-17 00:00, , ,   176.15056,    1.66748,  0.99478108280957,  0.4849207,
 2023-Mar-18 00:00, , ,   177.06484,    1.27211,  0.99506150334562,  0.4860343,
 2023-Mar-19 00:00, , ,   177.97838,    0.87661,  0.99534236863393,  0.4864751,
 2023-Mar-20 00:00, , ,   178.89128,    0.48107,  0.99562331973152,  0.4863540,
 2023-Mar-21 00:00, , ,   179.80359,    0.08560,  0.99590407510133,  0.4858258,
 2023-Mar-22 00:00, , ,   180.71538,   -0.30967,  0.99618445064446,  0.4850691,
 2023-Mar-23 00:00, , ,   181.62672,   -0.70465,  0.99646436594818,  0.4842598,
 2023-Mar-24 00:00, , ,   182.53767,   -1.09922,  0.99674383546241,  0.4835471,
 2023-Mar-25 00:00, , ,   183.44831,   -1.49327,  0.99702294836438,  0.4830392,
 2023-Mar-26 00:00, , ,   184.35870,   -1.88669,  0.99730184375279,  0.4828014,
 2023-Mar-27 00:00, , ,   185.26894,   -2.27939,  0.99758068743097,  0.4828625,
 2023-Mar-28 00:00, , ,   186.17908,   -2.67125,  0.99785965401729,  0.4832260,
 2023-Mar-29 00:00, , ,   187.08922,   -3.06218,  0.99813891532480,  0.4838804,
 2023-Mar-30 00:00, , ,   187.99943,   -3.45209,  0.99841863404991,  0.4848065,
 2023-Mar-31 00:00, , ,   188.90981,   -3.84086,  0.99869896098935,  0.4859828,
 2023-Apr-01 00:00, , ,   189.82043,   -4.22841,  0.99898003392670,  0.4873859,
 2023-Apr-02 00:00, , ,   190.73139,   -4.61464,  0.99926197660062,  0.4889900,
 2023-Apr-03 00:00, , ,   191.64276,   -4.99946,  0.99954489654908,  0.4907643,
 2023-Apr-04 00:00, , ,   192.55464,   -5.38278,  0.99982888104147,  0.4926688,
 2023-Apr-05 00:00, , ,   193.46712,   -5.76451,  1.00011399077784,  0.4946509,
 2023-Apr-06 00:00, , ,   194.38028,   -6.14455,  1.00040025158038,  0.4966421,
 2023-Apr-07 00:00, , ,   195.29422,   -6.52282,  1.00068764489595,  0.4985572,
 2023-Apr-08 00:00, , ,   196.20903,   -6.89923,  1.00097609845491,  0.5002959,
 2023-Apr-09 00:00, , ,   197.12479,   -7.27369,  1.00126547871422,  0.5017472,
 2023-Apr-10 00:00, , ,   198.04159,   -7.64613,  1.00155558661527,  0.5027966,
 2023-Apr-11 00:00, , ,   198.95952,   -8.01644,  1.00184615772374,  0.5033337,
 2023-Apr-12 00:00, , ,   199.87866,   -8.38454,  1.00213686719032,  0.5032610,
 2023-Apr-13 00:00, , ,   200.79909,   -8.75034,  1.00242733945545,  0.5025016,
 2023-Apr-14 00:00, , ,   201.72088,   -9.11374,  1.00271716238236,  0.5010070,
 2023-Apr-15 00:00, , ,   202.64410,   -9.47466,  1.00300590545110,  0.4987631,
 2023-Apr-16 00:00, , ,   203.56882,   -9.83300,  1.00329314146442,  0.4957960,
 2023-Apr-17 00:00, , ,   204.49508,  -10.18866,  1.00357847057426,  0.4921745,
 2023-Apr-18 00:00, , ,   205.42293,  -10.54154,  1.00386154429929,  0.4880068,
 2023-Apr-19 00:00, , ,   206.35243,  -10.89154,  1.00414208604992,  0.4834313,
 2023-Apr-20 00:00, , ,   207.28362,  -11.23855,  1.00441990436784,  0.4786016,
 2023-Apr-21 00:00, , ,   208.21653,  -11.58247,  1.00469489627894,  0.4736675,
 2023-Apr-22 00:00, , ,   209.15120,  -11.92321,  1.00496704063701,  0.4687603,
 2023-Apr-23 00:00, , ,   210.08767,  -12.26067,  1.00523638397016,  0.4639822,
 2023-Apr-24 00:00, , ,   211.02598,  -12.59474,  1.00550302286429,  0.4594045,
 2023-Apr-25 00:00, , ,   211.96616,  -12.92532,  1.00576708681999,  0.4550707,
 2023-Apr-26 00:00, , ,   212.90827,  -13.25234,  1.00602872424032,  0.4510041,
 2023-Apr-27 00:00, , ,   213.85233,  -13.57569,  1.00628809259263,  0.4472140,
 2023-Apr-28 00:00, , ,   214.79839,  -13.89528,  1.00654535248462,  0.4437026,
 2023-Apr-29 00:00, , ,   215.74649,  -14.21103,  1.00680066461992,  0.4404686,
 2023-Apr-30 00:00, , ,   216.69666,  -14.52284,  1.00705418826467,  0.4375084,
 2023-May-01 00:00, , ,   217.64894,  -14.83063,  1.00730607978540,  0.4348151,
 2023-May-02 00:00, , ,   218.60337,  -15.13432,  1.00755648988075,  0.4323753,
 2023-May-03 00:00, , ,   219.55999,  -15.43382,  1.00780555830848,  0.4301635,
 2023-May-04 00:00, , ,   220.51884,  -15.72904,  1.00805340528120,  0.4281364,
 2023-May-05 00:00, , ,   221.47994,  -16.01991,  1.00830011938723,  0.4262271,
 2023-May-06 00:00, , ,   222.44335,  -16.30636,  1.00854574293019,  0.4243421,
 2023-May-07 00:00, , ,   223.40909,  -16.58829,  1.00879025680262,  0.4223629,
 2023-May-08 00:00, , ,   224.37720,  -16.86563,  1.00903356797195,  0.4201537,
 2023-May-09 00:00, , ,   225.34771,  -17.13830,  1.00927550279563,  0.4175736,
 2023-May-10 00:00, , ,   226.32065,  -17.40624,  1.00951580839208,  0.4144916,
 2023-May-11 00:00, , ,   227.29604,  -17.66935,  1.00975416246757,  0.4108003,
 2023-May-12 00:00, , ,   228.27390,  -17.92756,  1.00999019013959,  0.4064263,
 2023-May-13 00:00, , ,   229.25422,  -18.18078,  1.01022348519090,  0.4013351,
 2023-May-14 00:00, , ,   230.23701,  -18.42894,  1.01045363307517,  0.3955321,
 2023-May-15 00:00, , ,   231.22227,  -18.67195,  1.01068023351378,  0.3890607,
 2023-May-16 00:00, , ,   232.20996,  -18.90973,  1.01090292109869,  0.3819974,
 2023-May-17 00:00, , ,   233.20008,  -19.14219,  1.01112138260208,  0.3744450,
 2023-May-18 00:00, , ,   234.19259,  -19.36926,  1.01133536974861,  0.3665240,
 2023-May-19 00:00, , ,   235.18745,  -19.59085,  1.01154470636187,  0.3583619,
 2023-May-20 00:00, , ,   236.18462,  -19.80688,  1.01174928934616,  0.3500824,
 2023-May-21 00:00, , ,   237.18407,  -20.01727,  1.01194908390918,  0.3417971,
 2023-May-22 00:00, , ,   238.18574,  -20.22195,  1.01214411444698,  0.3335988,
 2023-May-23 00:00, , ,   239.18959,  -20.42085,  1.01233445317447,  0.3255602,
 2023-May-24 00:00, , ,   240.19557,  -20.61390,  1.01252020864754,  0.3177349,
 2023-May-25 00:00, , ,   241.20363,  -20.80102,  1.01270151584564,  0.3101615,
 2023-May-26 00:00, , ,   242.21372,  -20.98216,  1.01287852872732,  0.3028680,
 2023-May-27 00:00, , ,   243.22579,  -21.15724,  1.01305141540792,  0.2958761,
 2023-May-28 00:00, , ,   244.23979,  -21.32622,  1.01322035549098,  0.2892042,
 2023-May-29 00:00, , ,   245.25566,  -21.48904,  1.01338553863433,  0.2828686,
 2023-May-30 00:00, , ,   246.27334,  -21.64563,  1.01354716309897,  0.2768825,
 2023-May-31 00:00, , ,   247.29279,  -21.79595,  1.01370543277559,  0.2712513,
 2023-Jun-01 00:00, , ,   248.31394,  -21.93994,  1.01386055105711,  0.2659664,
 2023-Jun-02 00:00, , ,   249.33674,  -22.07757,  1.01401271010216,  0.2609959,
 2023-Jun-03 00:00, , ,   250.36113,  -22.20878,  1.01416207479535,  0.2562760,
 2023-Jun-04 00:00, , ,   251.38707,  -22.33354,  1.01430876227608,  0.2517048,
 2023-Jun-05 00:00, , ,   252.41449,  -22.45180,  1.01445282011140,  0.2471442,
 2023-Jun-06 00:00, , ,   253.44335,  -22.56352,  1.01459420817855,  0.2424313,
 2023-Jun-07 00:00, , ,   254.47360,  -22.66868,  1.01473278976405,  0.2373984,
 2023-Jun-08 00:00, , ,   255.50516,  -22.76722,  1.01486833539852,  0.2318958,
 2023-Jun-09 00:00, , ,   256.53798,  -22.85913,  1.01500053913902,  0.2258107,
 2023-Jun-10 00:00, , ,   257.57197,  -22.94435,  1.01512904336183,  0.2190778,
 2023-Jun-11 00:00, , ,   258.60707,  -23.02286,  1.01525346650303,  0.2116790,
 2023-Jun-12 00:00, , ,   259.64318,  -23.09464,  1.01537342894138,  0.2036376,
 2023-Jun-13 00:00, , ,   260.68020,  -23.15964,  1.01548857427817,  0.1950092,
 2023-Jun-14 00:00, , ,   261.71804,  -23.21784,  1.01559858525214,  0.1858723,
 2023-Jun-15 00:00, , ,   262.75659,  -23.26922,  1.01570319468132,  0.1763206,
 2023-Jun-16 00:00, , ,   263.79574,  -23.31375,  1.01580219214503,  0.1664559,
 2023-Jun-17 00:00, , ,   264.83538,  -23.35142,  1.01589542699710,  0.1563824,
 2023-Jun-18 00:00, , ,   265.87539,  -23.38222,  1.01598280813614,  0.1462013,
 2023-Jun-19 00:00, , ,   266.91567,  -23.40612,  1.01606430096852,  0.1360065,
 2023-Jun-20 00:00, , ,   267.95609,  -23.42313,  1.01613992218950,  0.1258813,
 2023-Jun-21 00:00, , ,   268.99654,  -23.43324,  1.01620973324652,  0.1158973,
 2023-Jun-22 00:00, , ,   270.03691,  -23.43644,  1.01627383348134,  0.1061143,
 2023-Jun-23 00:00, , ,   271.07709,  -23.43275,  1.01633235388801,  0.0965825,
 2023-Jun-24 00:00, , ,   272.11697,  -23.42216,  1.01638545217510,  0.0873447,
 2023-Jun-25 00:00, , ,   273.15645,  -23.40469,  1.01643330944708,  0.0784395,
 2023-Jun-26 00:00, , ,   274.19541,  -23.38034,  1.01647612838442,  0.0699033,
 2023-Jun-27 00:00, , ,   275.23377,  -23.34914,  1.01651413233608,  0.0617713,
 2023-Jun-28 00:00, , ,   276.27141,  -23.31109,  1.01654756423898,  0.0540756,
 2023-Jun-29 00:00, , ,   277.30825,  -23.26623,  1.01657668375784,  0.0468410,
 2023-Jun-30 00:00, , ,   278.34419,  -23.21457,  1.01660176059960,  0.0400757,
 2023-Jul-01 00:00, , ,   279.37916,  -23.15615,  1.01662306189016,  0.0337603,
 2023-Jul-02 00:00, , ,   280.41308,  -23.09098,  1.01664083230745,  0.0278346,
 2023-Jul-03 00:00, , ,   281.44587,  -23.01910,  1.01665526781969,  0.0221894,
 2023-Jul-04 00:00, , ,   282.47747,  -22.94053,  1.01666648723950,  0.0166682,
 2023-Jul-05 00:00, , ,   283.50782,  -22.85532,  1.01667450895610,  0.0110835,
 2023-Jul-06 00:00, , ,   284.53686,  -22.76349,  1.01667924075737,  0.0052452,
 2023-Jul-07 00:00, , ,   285.56453,  -22.66508,  1.01668048710680, -0.0010098,
 2023-Jul-08 00:00, , ,   286.59076,  -22.56012,  1.01667797201774, -0.0077945,
 2023-Jul-09 00:00, , ,   287.61548,  -22.44866,  1.01667137050578, -0.0151655,
 2023-Jul-10 00:00, , ,   288.63864,  -22.33073,  1.01666034035478, -0.0231277,
 2023-Jul-11 00:00, , ,   289.66015,  -22.20637,  1.01664454834156, -0.0316472,
 2023-Jul-12 00:00, , ,   290.67994,  -22.07564,  1.01662368874207, -0.0406649,
 2023-Jul-13 00:00, , ,   291.69794,  -21.93857,  1.01659749475372, -0.0501067,
 2023-Jul-14 00:00, , ,   292.71407,  -21.79523,  1.01656574470256, -0.0598912,
 2023-Jul-15 00:00, , ,   293.72825,  -21.64566,  1.01652826491725, -0.0699341,
 2023-Jul-16 00:00, , ,   294.74043,  -21.48992,  1.01648493060202, -0.0801509,
 2023-Jul-17 00:00, , ,   295.75051,  -21.32808,  1.01643566543055, -0.0904585,
 2023-Jul-18 00:00, , ,   296.75845,  -21.16018,  1.01638044016498, -0.1007772,
 2023-Jul-19 00:00, , ,   297.76417,  -20.98631,  1.01631927044126, -0.1110315,
 2023-Jul-20 00:00, , ,   298.76761,  -20.80652,  1.01625221389902, -0.1211515,
 2023-Jul-21 00:00, , ,   299.76873,  -20.62089,  1.01617936696606, -0.1310728,
 2023-Jul-22 00:00, , ,   300.76747,  -20.42947,  1.01610086172360, -0.1407362,
 2023-Jul-23 00:00, , ,   301.76378,  -20.23236,  1.01601686329715, -0.1500862,
 2023-Jul-24 00:00, , ,   302.75763,  -20.02961,  1.01592756809732, -0.1590697,
 2023-Jul-25 00:00, , ,   303.74898,  -19.82131,  1.01583320296180, -0.1676343,
 2023-Jul-26 00:00, , ,   304.73780,  -19.60752,  1.01573402482190, -0.1757282,
 2023-Jul-27 00:00, , ,   305.72407,  -19.38834,  1.01563031993023, -0.1833023,
 2023-Jul-28 00:00, , ,   306.70776,  -19.16383,  1.01552240097530, -0.1903154,
 2023-Jul-29 00:00, , ,   307.68887,  -18.93407,  1.01541059972604, -0.1967447,
 2023-Jul-30 00:00, , ,   308.66740,  -18.69914,  1.01529525260466, -0.2025995,
 2023-Jul-31 00:00, , ,   309.64335,  -18.45912,  1.01517667748523, -0.2079371,
 2023-Aug-01 00:00, , ,   310.61673,  -18.21408,  1.01505514274794, -0.2128725,
 2023-Aug-02 00:00, , ,   311.58756,  -17.96410,  1.01493083397004, -0.2175754,
 2023-Aug-03 00:00, , ,   312.55587,  -17.70925,  1.01480382754420, -0.2222493,
 2023-Aug-04 00:00, , ,   313.52169,  -17.44960,  1.01467408066919, -0.2270972,
 2023-Aug-05 00:00, , ,   314.48504,  -17.18524,  1.01454144191780, -0.2322872,
 2023-Aug-06 00:00, , ,   315.44596,  -16.91622,  1.01440567857737, -0.2379307,
 2023-Aug-07 00:00, , ,   316.40445,  -16.64264,  1.01426651137939, -0.2440783,
 2023-Aug-08 00:00, , ,   317.36055,  -16.36456,  1.01412364706434, -0.2507301,
 2023-Aug-09 00:00, , ,   318.31428,  -16.08207,  1.01397680308330, -0.2578517,
 2023-Aug-10 00:00, , ,   319.26564,  -15.79525,  1.01382572323643, -0.2653884,
 2023-Aug-11 00:00, , ,   320.21467,  -15.50419,  1.01367018592969, -0.2732764,
 2023-Aug-12 00:00, , ,   321.16137,  -15.20897,  1.01351000767082, -0.2814483,
 2023-Aug-13 00:00, , ,   322.10577,  -14.90967,  1.01334504412560, -0.2898360,
 2023-Aug-14 00:00, , ,   323.04789,  -14.60640,  1.01317519028992, -0.2983715,
 2023-Aug-15 00:00, , ,   323.98775,  -14.29923,  1.01300038057143, -0.3069864,
 2023-Aug-16 00:00, , ,   324.92538,  -13.98825,  1.01282058901266, -0.3156117,
 2023-Aug-17 00:00, , ,   325.86080,  -13.67356,  1.01263582956816, -0.3241781,
 2023-Aug-18 00:00, , ,   326.79405,  -13.35526,  1.01244615624737, -0.3326164,
 2023-Aug-19 00:00, , ,   327.72515,  -13.03343,  1.01225166299735, -0.3408577,
 2023-Aug-20 00:00, , ,   328.65414,  -12.70816,  1.01205248334510, -0.3488337,
 2023-Aug-21 00:00, , ,   329.58106,  -12.37956,  1.01184878995835, -0.3564771,
 2023-Aug-22 00:00, , ,   330.50595,  -12.04771,  1.01164079432581, -0.3637208,
 2023-Aug-23 00:00, , ,   331.42886,  -11.71271,  1.01142874662967, -0.3704979,
 2023-Aug-24 00:00, , ,   332.34982,  -11.37464,  1.01121293553243, -0.3767423,
 2023-Aug-25 00:00, , ,   333.26891,  -11.03362,  1.01099368700853, -0.3823915,
 2023-Aug-26 00:00, , ,   334.18616,  -10.68972,  1.01077136057016, -0.3873934,
 2023-Aug-27 00:00, , ,   335.10166,  -10.34303,  1.01054634047973, -0.3917167,
 2023-Aug-28 00:00, , ,   336.01546,   -9.99365,  1.01031901931371, -0.3953666,
 2023-Aug-29 00:00, , ,   336.92763,   -9.64165,  1.01008977234481, -0.3984001,
 2023-Aug-30 00:00, , ,   337.83827,   -9.28713,  1.00985892431560, -0.4009357,
 2023-Aug-31 00:00, , ,   338.74745,   -8.93017,  1.00962671480665, -0.4031475,
 2023-Sep-01 00:00, , ,   339.65527,   -8.57084,  1.00939327207609, -0.4052415,
 2023-Sep-02 00:00, , ,   340.56182,   -8.20922,  1.00915860454625, -0.4074203,
 2023-Sep-03 00:00, , ,   341.46718,   -7.84539,  1.00892261299693, -0.4098496,
 2023-Sep-04 00:00, , ,   342.37143,   -7.47943,  1.00868511843847, -0.4126383,
 2023-Sep-05 00:00, , ,   343.27468,   -7.11143,  1.00844589583888, -0.4158379,
 2023-Sep-06 00:00, , ,   344.17698,   -6.74147,  1.00820470459236, -0.4194533,
 2023-Sep-07 00:00, , ,   345.07841,   -6.36963,  1.00796131080882, -0.4234590,
 2023-Sep-08 00:00, , ,   345.97906,   -5.99601,  1.00771550081322, -0.4278126,
 2023-Sep-09 00:00, , ,   346.87900,   -5.62070,  1.00746708778928, -0.4324645,
 2023-Sep-10 00:00, , ,   347.77828,   -5.24379,  1.00721591422964, -0.4373634,
 2023-Sep-11 00:00, , ,   348.67699,   -4.86537,  1.00696185251200, -0.4424573,
 2023-Sep-12 00:00, , ,   349.57520,   -4.48554,  1.00670480520060, -0.4476933,
 2023-Sep-13 00:00, , ,   350.47298,   -4.10438,  1.00644470595504, -0.4530163,
 2023-Sep-14 00:00, , ,   351.37039,   -3.72201,  1.00618152134915, -0.4583674,
 2023-Sep-15 00:00, , ,   352.26750,   -3.33852,  1.00591525348675, -0.4636822,
 2023-Sep-16 00:00, , ,   353.16439,   -2.95400,  1.00564594304800, -0.4688915,
 2023-Sep-17 00:00, , ,   354.06113,   -2.56855,  1.00537367230591, -0.4739207,
 2023-Sep-18 00:00, , ,   354.95779,   -2.18227,  1.00509856770242, -0.4786916,
 2023-Sep-19 00:00, , ,   355.85443,   -1.79527,  1.00482080171780, -0.4831232,
 2023-Sep-20 00:00, , ,   356.75114,   -1.40764,  1.00454059391448, -0.4871337,
 2023-Sep-21 00:00, , ,   357.64798,   -1.01948,  1.00425821107060, -0.4906418,
 2023-Sep-22 00:00, , ,   358.54504,   -0.63090,  1.00397396613298, -0.4935694,
 2023-Sep-23 00:00, , ,   359.44238,   -0.24198,  1.00368821526563, -0.4958458,
 2023-Sep-24 00:00, , ,     0.34011,    0.14718,  1.00340135161786, -0.4974152,
 2023-Sep-25 00:00, , ,     1.23829,    0.53647,  1.00311379385252, -0.4982473,
 2023-Sep-26 00:00, , ,     2.13702,    0.92582,  1.00282596748520, -0.4983509,
 2023-Sep-27 00:00, , ,     3.03640,    1.31511,  1.00253827837667, -0.4977869,
 2023-Sep-28 00:00, , ,     3.93653,    1.70428,  1.00225108066062, -0.4966735,
 2023-Sep-29 00:00, , ,     4.83750,    2.09323,  1.00196464520745, -0.4951783,
 2023-Sep-30 00:00, , ,     5.73943,    2.48187,  1.00167913715209, -0.4934949,
 2023-Oct-01 00:00, , ,     6.64242,    2.87013,  1.00139460956462, -0.4918124,
 2023-Oct-02 00:00, , ,     7.54656,    3.25790,  1.00111101485788, -0.4902866,
 2023-Oct-03 00:00, , ,     8.45197,    3.64512,  1.00082822911838, -0.4890246,
 2023-Oct-04 00:00, , ,     9.35873,    4.03167,  1.00054608110553, -0.4880841,
 2023-Oct-05 00:00, , ,    10.26694,    4.41747,  1.00026437849248, -0.4874825,
 2023-Oct-06 00:00, , ,    11.17668,    4.80242,  0.99998292730441, -0.4872103,
 2023-Oct-07 00:00, , ,    12.08804,    5.18642,  0.99970154394446, -0.4872427,
 2023-Oct-08 00:00, , ,    13.00110,    5.56938,  0.99942006130393, -0.4875486,
 2023-Oct-09 00:00, , ,    13.91594,    5.95117,  0.99913833117255, -0.4880941,
 2023-Oct-10 00:00, , ,    14.83264,    6.33171,  0.99885622502827, -0.4888448,
 2023-Oct-11 00:00, , ,    15.75126,    6.71089,  0.99857363480431, -0.4897640,
 2023-Oct-12 00:00, , ,    16.67188,    7.08860,  0.99829047468804, -0.4908109,
 2023-Oct-13 00:00, , ,    17.59458,    7.46472,  0.99800668449290, -0.4919371,
 2023-Oct-14 00:00, , ,    18.51941,    7.83915,  0.99772223466584, -0.4930845,
 2023-Oct-15 00:00, , ,    19.44644,    8.21179,  0.99743713254792, -0.4941833,
 2023-Oct-16 00:00, , ,    20.37574,    8.58250,  0.99715142913463, -0.4951523,
 2023-Oct-17 00:00, , ,    21.30736,    8.95119,  0.99686522535788, -0.4959002,
 2023-Oct-18 00:00, , ,    22.24137,    9.31774,  0.99657867689854, -0.4963293,
 2023-Oct-19 00:00, , ,    23.17782,    9.68204,  0.99629199673159, -0.4963397,
 2023-Oct-20 00:00, , ,    24.11678,   10.04396,  0.99600545489459, -0.4958347,
 2023-Oct-21 00:00, , ,    25.05829,   10.40341,  0.99571937517863, -0.4947258,
 2023-Oct-22 00:00, , ,    26.00242,   10.76026,  0.99543412842560, -0.4929395,
 2023-Oct-23 00:00, , ,    26.94922,   11.11441,  0.99515012188317, -0.4904248,
 2023-Oct-24 00:00, , ,    27.89877,   11.46575,  0.99486778385132, -0.4871614,
 2023-Oct-25 00:00, , ,    28.85113,   11.81417,  0.99458754307576, -0.4831693,
 2023-Oct-26 00:00, , ,    29.80636,   12.15956,  0.99430980343278, -0.4785154,
 2023-Oct-27 00:00, , ,    30.76453,   12.50184,  0.99403491645481, -0.4733133,
 2023-Oct-28 00:00, , ,    31.72572,   12.84088,  0.99376315643997, -0.4677145,
 2023-Oct-29 00:00, , ,    32.69000,   13.17660,  0.99349470383708, -0.4618888,
 2023-Oct-30 00:00, , ,    33.65744,   13.50888,  0.99322964109232, -0.4560017,
 2023-Oct-31 00:00, , ,    34.62810,   13.83763,  0.99296796144631, -0.4501940,
 2023-Nov-01 00:00, , ,    35.60204,   14.16274,  0.99270958718860, -0.4445695,
 2023-Nov-02 00:00, , ,    36.57933,   14.48410,  0.99245439173471, -0.4391941,
 2023-Nov-03 00:00, , ,    37.56000,   14.80161,  0.99220222029609, -0.4341010,
 2023-Nov-04 00:00, , ,    38.54410,   15.11514,  0.99195290596918, -0.4293005,
 2023-Nov-05 00:00, , ,    39.53168,   15.42460,  0.99170628035971, -0.4247889,
 2023-Nov-06 00:00, , ,    40.52275,   15.72986,  0.99146217947892, -0.4205555,
 2023-Nov-07 00:00, , ,    41.51735,   16.03082,  0.99122044642312, -0.4165869,
 2023-Nov-08 00:00, , ,    42.51550,   16.32735,  0.99098093251645, -0.4128681,
 2023-Nov-09 00:00, , ,    43.51722,   16.61934,  0.99074349845770, -0.4093813,
 2023-Nov-10 00:00, , ,    44.52250,   16.90668,  0.99050801675116, -0.4061027,
 2023-Nov-11 00:00, , ,    45.53137,   17.18924,  0.99027437636240, -0.4029982,
 2023-Nov-12 00:00, , ,    46.54380,   17.46692,  0.99004249008044, -0.4000187,
 2023-Nov-13 00:00, , ,    47.55981,   17.73959,  0.98981230443009, -0.3970960,
 2023-Nov-14 00:00, , ,    48.57936,   18.00714,  0.98958381118526, -0.3941416,
 2023-Nov-15 00:00, , ,    49.60244,   18.26945,  0.98935705875100, -0.3910487,
 2023-Nov-16 00:00, , ,    50.62903,   18.52640,  0.98913216120622, -0.3876979,